model,gender,term,estimate,std.error,statistic,p.value,conf.low,conf.high,obs,R2,adj.R2,cul_vars,adj_vars,dep_vars_pool,measure_individualism
Unadjusted model,Female,(Intercept),0.0037216035701178505,0.116804990842326,0.031861682820913104,0.9747144747732573,-0.23113057088144287,0.2385737780216786,51,0.36421596398734024,0.3377249624868127,indiv + flex,none,obesity_f,Individualism (Minkov-Hofstede)
Unadjusted model,Female,indiv,0.5740245166572057,0.14104908789390208,4.069679040313895,1.7474701561213447e-4,0.2904263180065309,0.8576227153078804,51,0.36421596398734024,0.3377249624868127,indiv + flex,none,obesity_f,Individualism (Minkov-Hofstede)
Unadjusted model,Female,flex,-0.7007455482414001,0.13987962658131947,-5.009632677522337,7.80139589323133e-6,-0.9819923873292995,-0.4194987091535008,51,0.36421596398734024,0.3377249624868127,indiv + flex,none,obesity_f,Individualism (Minkov-Hofstede)
Unadjusted model,Female,(Intercept),-0.003351485108177914,0.12598373850719363,-0.026602521467376086,0.9788943877537861,-0.25709575977939503,0.25039278956303923,48,0.3077916063788288,0.27702678888455456,indiv_welzel + flex,none,obesity_f,Individualism (Beugelsdijk & Welzel)
Unadjusted model,Female,indiv_welzel,0.3620564080238056,0.14685212458151173,2.4654488932697913,0.017563491617162513,0.06628104623983055,0.6578317698077807,48,0.3077916063788288,0.27702678888455456,indiv_welzel + flex,none,obesity_f,Individualism (Beugelsdijk & Welzel)
Unadjusted model,Female,flex,-0.638650097728298,0.1432511324253613,-4.458255141969341,5.448214721891492e-5,-0.9271726890072371,-0.3501275064493588,48,0.3077916063788288,0.27702678888455456,indiv_welzel + flex,none,obesity_f,Individualism (Beugelsdijk & Welzel)
Unadjusted model,Female,(Intercept),-0.00865341916116552,0.1339494366972466,-0.06460213177845633,0.9487834065939165,-0.27861077049580385,0.2613039321734728,47,0.2317720823742948,0.19685263157312638,self_expr_val + flex,none,obesity_f,Self-expression values (Inglehart)
Unadjusted model,Female,self_expr_val,0.30316164195982626,0.14315386971033783,2.1177327764401572,0.03988417244308356,0.01465397478946412,0.5916693091301883,47,0.2317720823742948,0.19685263157312638,self_expr_val + flex,none,obesity_f,Self-expression values (Inglehart)
Unadjusted model,Female,flex,-0.4795884193359926,0.13909739021028505,-3.447860657996236,0.0012558407128831256,-0.7599207892555525,-0.1992560494164327,47,0.2317720823742948,0.19685263157312638,self_expr_val + flex,none,obesity_f,Self-expression values (Inglehart)
Unadjusted model,Female,(Intercept),-0.004110617598602741,0.12437940357784402,-0.033049021625433925,0.973778484561409,-0.2544733716566684,0.2462521364594629,49,0.31145390619191887,0.281517119504611,emancip_val + flex,none,obesity_f,Emancipative values (Welzel)
Unadjusted model,Female,emancip_val,0.3446791230904137,0.13415360504847829,2.569287071829781,0.013498418714860221,0.07464192190915653,0.6147163242716709,49,0.31145390619191887,0.281517119504611,emancip_val + flex,none,obesity_f,Emancipative values (Welzel)
Unadjusted model,Female,flex,-0.5836936490268037,0.131939661524932,-4.423943810985947,5.89593746746185e-5,-0.8492744130332583,-0.31811288502034896,49,0.31145390619191887,0.281517119504611,emancip_val + flex,none,obesity_f,Emancipative values (Welzel)
Unadjusted model,Female,(Intercept),-0.004666427837972268,0.127310411153708,-0.03665393737781794,0.970926730215563,-0.26124370236625905,0.2519108466903145,47,0.31028224210586985,0.27893143492886396,autonomy + flex,none,obesity_f,Autonomy (Schwartz)
Unadjusted model,Female,autonomy,0.3124820397512332,0.14228913692736325,2.196106087218388,0.03339993474837386,0.02571712699223655,0.5992469525102297,47,0.31028224210586985,0.27893143492886396,autonomy + flex,none,obesity_f,Autonomy (Schwartz)
Unadjusted model,Female,flex,-0.6252348291118556,0.14083422074436228,-4.439509274146953,5.983544347700141e-5,-0.9090675509720985,-0.34140210725161263,47,0.31028224210586985,0.27893143492886396,autonomy + flex,none,obesity_f,Autonomy (Schwartz)
Unadjusted model,Female,(Intercept),-0.004769460176128904,0.11028040935472938,-0.04324848088645914,0.9657134035921698,-0.2274852651050512,0.21794634475279343,44,0.5169322021580742,0.4933679193365168,indiv_hofstd + flex,none,obesity_f,Individualism (Hofstede)
Unadjusted model,Female,indiv_hofstd,0.5831212611617206,0.1177827713405527,4.950819670185086,1.3137111187316108e-5,0.3452541288273462,0.820988393496095,44,0.5169322021580742,0.4933679193365168,indiv_hofstd + flex,none,obesity_f,Individualism (Hofstede)
Unadjusted model,Female,flex,-0.6749277060917386,0.11663445953532878,-5.786692104380196,8.698514193653557e-7,-0.9104757756886218,-0.43937963649485534,44,0.5169322021580742,0.4933679193365168,indiv_hofstd + flex,none,obesity_f,Individualism (Hofstede)
Undernour. adjusted,Female,(Intercept),0.005620483364239289,0.10041459904160549,0.05597277106997673,0.9556007713188159,-0.19638763369768855,0.20762860042616713,51,0.5399251376881639,0.510558657115068,indiv + flex,undernourish,obesity_f,Individualism (Minkov-Hofstede)
Undernour. adjusted,Female,indiv,0.19994186635126418,0.1499962845056916,1.3329787935092312,0.18896453113847894,-0.10181173609777192,0.5016954688003002,51,0.5399251376881639,0.510558657115068,indiv + flex,undernourish,obesity_f,Individualism (Minkov-Hofstede)
Undernour. adjusted,Female,flex,-0.775719317478258,0.12154525238461468,-6.382144117185192,7.089241516502385e-8,-1.0202368259518968,-0.5312018090046192,51,0.5399251376881639,0.510558657115068,indiv + flex,undernourish,obesity_f,Individualism (Minkov-Hofstede)
Undernour. adjusted,Female,undernourish,-0.5902494559242875,0.13931686742160165,-4.236740797064225,1.0489100504911206e-4,-0.870518842362242,-0.30998006948633294,51,0.5399251376881639,0.510558657115068,indiv + flex,undernourish,obesity_f,Individualism (Minkov-Hofstede)
Undernour. adjusted,Female,(Intercept),0.004971303603998875,0.10613068373169636,0.04684134153480606,0.9628516423185649,-0.20892103504240822,0.21886364225040594,48,0.519832802219297,0.48709412964334,indiv_welzel + flex,undernourish,obesity_f,Individualism (Beugelsdijk & Welzel)
Undernour. adjusted,Female,indiv_welzel,0.08138183560455255,0.13911809994180857,0.584983806122953,0.5615467010809093,-0.1989922720363953,0.36175594324550037,48,0.519832802219297,0.48709412964334,indiv_welzel + flex,undernourish,obesity_f,Individualism (Beugelsdijk & Welzel)
Undernour. adjusted,Female,flex,-0.7497544816128692,0.1232624664237955,-6.08258542413955,2.5516999706404026e-7,-0.9981736595893498,-0.5013353036363886,48,0.519832802219297,0.48709412964334,indiv_welzel + flex,undernourish,obesity_f,Individualism (Beugelsdijk & Welzel)
Undernour. adjusted,Female,undernourish,-0.5665288793853034,0.12852329075279592,-4.407986101717357,6.618662689132408e-5,-0.8255505521292963,-0.3075072066413105,48,0.519832802219297,0.48709412964334,indiv_welzel + flex,undernourish,obesity_f,Individualism (Beugelsdijk & Welzel)
Undernour. adjusted,Female,(Intercept),0.006878709138017462,0.10429370642145491,0.0659551700101666,0.947719217595256,-0.20344959503068744,0.21720701330672237,47,0.5452055800935772,0.5134757368442919,self_expr_val + flex,undernourish,obesity_f,Self-expression values (Inglehart)
Undernour. adjusted,Female,self_expr_val,0.12696722812650135,0.11602448848617086,1.0943140519997618,0.27990949503894225,-0.1070184527229579,0.3609529089759606,47,0.5452055800935772,0.5134757368442919,self_expr_val + flex,undernourish,obesity_f,Self-expression values (Inglehart)
Undernour. adjusted,Female,flex,-0.6542719911912712,0.11291685754162412,-5.794280902212403,7.277212794286874e-7,-0.8819905369567841,-0.42655344542575835,47,0.5452055800935772,0.5134757368442919,self_expr_val + flex,undernourish,obesity_f,Self-expression values (Inglehart)
Undernour. adjusted,Female,undernourish,-0.6154326756510974,0.1130527633380473,-5.443764995030217,2.340343110897018e-6,-0.8434253015760866,-0.3874400497261081,47,0.5452055800935772,0.5134757368442919,self_expr_val + flex,undernourish,obesity_f,Self-expression values (Inglehart)
Undernour. adjusted,Female,(Intercept),0.0048560338310880006,0.10470781194874637,0.04637699652691616,0.9632149783278952,-0.20603632505718045,0.21574839271935647,49,0.5228124408823286,0.4909999369411505,emancip_val + flex,undernourish,obesity_f,Emancipative values (Welzel)
Undernour. adjusted,Female,emancip_val,0.08898094493016241,0.1266103039117949,0.7027938657516565,0.4858042336130014,-0.1660252972458176,0.3439871871061424,49,0.5228124408823286,0.4909999369411505,emancip_val + flex,undernourish,obesity_f,Emancipative values (Welzel)
Undernour. adjusted,Female,flex,-0.7382447628624766,0.11632251270642852,-6.346533836709993,9.536793296902642e-8,-0.9725303299076297,-0.5039591958173236,49,0.5228124408823286,0.4909999369411505,emancip_val + flex,undernourish,obesity_f,Emancipative values (Welzel)
Undernour. adjusted,Female,undernourish,-0.56365002946478,0.1262519046702976,-4.464487335353334,5.339610905354399e-5,-0.817934418513888,-0.30936564041567205,49,0.5228124408823286,0.4909999369411505,emancip_val + flex,undernourish,obesity_f,Emancipative values (Welzel)
Undernour. adjusted,Female,(Intercept),0.0037052906822465322,0.10920563198661698,0.033929483441848596,0.9730903957373382,-0.21652885545690845,0.22393943682140152,47,0.5042101315718918,0.4696201407513261,autonomy + flex,undernourish,obesity_f,Autonomy (Schwartz)
Undernour. adjusted,Female,autonomy,0.03429831012901531,0.1396174528283224,0.2456591882620111,0.8071148441766919,-0.2472671178659212,0.3158637381239518,47,0.5042101315718918,0.4696201407513261,autonomy + flex,undernourish,obesity_f,Autonomy (Schwartz)
Undernour. adjusted,Female,flex,-0.7456680087665464,0.12430361989343268,-5.998763426244694,3.6715957458144667e-7,-0.9963501493414126,-0.4949858681916801,47,0.5042101315718918,0.4696201407513261,autonomy + flex,undernourish,obesity_f,Autonomy (Schwartz)
Undernour. adjusted,Female,undernourish,-0.5522872453076152,0.13466646937105026,-4.101148919155835,1.7934005354636458e-4,-0.8238680635857649,-0.28070642702946547,47,0.5042101315718918,0.4696201407513261,autonomy + flex,undernourish,obesity_f,Autonomy (Schwartz)
Undernour. adjusted,Female,(Intercept),0.006155027335376225,0.09324662940514315,0.06600804098380349,0.9477002401046539,-0.1823034405843679,0.19461349525512037,44,0.6633249735029719,0.6380743465156948,indiv_hofstd + flex,undernourish,obesity_f,Individualism (Hofstede)
Undernour. adjusted,Female,indiv_hofstd,0.40210498417420826,0.10860163748404933,3.7025683358896564,6.436670072591385e-4,0.18261288730823283,0.6215970810401836,44,0.6633249735029719,0.6380743465156948,indiv_hofstd + flex,undernourish,obesity_f,Individualism (Hofstede)
Undernour. adjusted,Female,flex,-0.7742878654324131,0.1014184252703874,-7.634587732634547,2.4894445882052877e-9,-0.979262148870009,-0.5693135819948173,44,0.6633249735029719,0.6380743465156948,indiv_hofstd + flex,undernourish,obesity_f,Individualism (Hofstede)
Undernour. adjusted,Female,undernourish,-0.44141734582828757,0.10584370524613793,-4.170463843851444,1.5857119000092188e-4,-0.655335453720088,-0.22749923793648721,44,0.6633249735029719,0.6380743465156948,indiv_hofstd + flex,undernourish,obesity_f,Individualism (Hofstede)
Full model,Female,(Intercept),0.004917538870534062,0.09920502752718172,0.04956945220529957,0.9606950285640885,-0.19514846626771484,0.20498354400878296,51,0.5896344368074988,0.5228307404738358,indiv + flex,yr_sch_f + globaliz + uneven_eco_dev + gdppc_ln + undernourish,obesity_f,Individualism (Minkov-Hofstede)
Full model,Female,indiv,0.16311432125449205,0.211220301717369,0.7722473641418858,0.44419180878534803,-0.2628520135374734,0.5890806560464574,51,0.5896344368074988,0.5228307404738358,indiv + flex,yr_sch_f + globaliz + uneven_eco_dev + gdppc_ln + undernourish,obesity_f,Individualism (Minkov-Hofstede)
Full model,Female,flex,-0.7146957709773437,0.1274821081482029,-5.606243741643197,1.3630603800019175e-6,-0.9717879440209424,-0.45760359793374505,51,0.5896344368074988,0.5228307404738358,indiv + flex,yr_sch_f + globaliz + uneven_eco_dev + gdppc_ln + undernourish,obesity_f,Individualism (Minkov-Hofstede)
Full model,Female,yr_sch_f,0.31723156446218054,0.19747431499069926,1.60644468865291,0.11549588922119353,-0.08101334612742084,0.7154764750517819,51,0.5896344368074988,0.5228307404738358,indiv + flex,yr_sch_f + globaliz + uneven_eco_dev + gdppc_ln + undernourish,obesity_f,Individualism (Minkov-Hofstede)
Full model,Female,globaliz,0.043585240174498524,0.23910250203459368,0.182286842687211,0.8562143017933977,-0.4386109104945215,0.5257813908435185,51,0.5896344368074988,0.5228307404738358,indiv + flex,yr_sch_f + globaliz + uneven_eco_dev + gdppc_ln + undernourish,obesity_f,Individualism (Minkov-Hofstede)
Full model,Female,uneven_eco_dev,0.3763321218231797,0.2323743856385885,1.6195077645454798,0.11265018003628806,-0.09229548899451989,0.8449597326408793,51,0.5896344368074988,0.5228307404738358,indiv + flex,yr_sch_f + globaliz + uneven_eco_dev + gdppc_ln + undernourish,obesity_f,Individualism (Minkov-Hofstede)
Full model,Female,gdppc_ln,0.13876991158904842,0.2717395785899196,0.5106724324411541,0.61219234754006,-0.40924517677469874,0.6867849999527955,51,0.5896344368074988,0.5228307404738358,indiv + flex,yr_sch_f + globaliz + uneven_eco_dev + gdppc_ln + undernourish,obesity_f,Individualism (Minkov-Hofstede)
Full model,Female,undernourish,-0.4684224838934521,0.16600864276457172,-2.821675282037901,0.007203616423812258,-0.8032108187611624,-0.13363414902574178,51,0.5896344368074988,0.5228307404738358,indiv + flex,yr_sch_f + globaliz + uneven_eco_dev + gdppc_ln + undernourish,obesity_f,Individualism (Minkov-Hofstede)
Full model,Female,(Intercept),0.0031438695163268976,0.10563849082418629,0.0297606439830651,0.9764059431806109,-0.2103594845575311,0.21664722359018487,48,0.5682875852829139,0.49273791270742384,indiv_welzel + flex,yr_sch_f + globaliz + uneven_eco_dev + gdppc_ln + undernourish,obesity_f,Individualism (Beugelsdijk & Welzel)
Full model,Female,indiv_welzel,0.07412378480695678,0.19978997798220097,0.37100852382875965,0.7125889688432596,-0.3296668229227018,0.4779143925366154,48,0.5682875852829139,0.49273791270742384,indiv_welzel + flex,yr_sch_f + globaliz + uneven_eco_dev + gdppc_ln + undernourish,obesity_f,Individualism (Beugelsdijk & Welzel)
Full model,Female,flex,-0.6925776480694298,0.13224387210239472,-5.237124692879348,5.546027448647554e-6,-0.95985248349439,-0.4253028126444695,48,0.5682875852829139,0.49273791270742384,indiv_welzel + flex,yr_sch_f + globaliz + uneven_eco_dev + gdppc_ln + undernourish,obesity_f,Individualism (Beugelsdijk & Welzel)
Full model,Female,yr_sch_f,0.3219849726618425,0.20098086626683936,1.6020677920372168,0.1170094744718639,-0.08421251007250274,0.7281824553961878,48,0.5682875852829139,0.49273791270742384,indiv_welzel + flex,yr_sch_f + globaliz + uneven_eco_dev + gdppc_ln + undernourish,obesity_f,Individualism (Beugelsdijk & Welzel)
Full model,Female,globaliz,-0.008307363927844908,0.24874207974678128,-0.033397501284470166,0.9735237037109548,-0.511033859837665,0.4944191319819752,48,0.5682875852829139,0.49273791270742384,indiv_welzel + flex,yr_sch_f + globaliz + uneven_eco_dev + gdppc_ln + undernourish,obesity_f,Individualism (Beugelsdijk & Welzel)
Full model,Female,uneven_eco_dev,0.37549388513301174,0.25955178517361416,1.44670122334872,0.15577214370505524,-0.1490798403914405,0.900067610657464,48,0.5682875852829139,0.49273791270742384,indiv_welzel + flex,yr_sch_f + globaliz + uneven_eco_dev + gdppc_ln + undernourish,obesity_f,Individualism (Beugelsdijk & Welzel)
Full model,Female,gdppc_ln,0.14846741472175592,0.25435677594621803,0.5836975019417149,0.5627010364401626,-0.36560680550079194,0.6625416349443038,48,0.5682875852829139,0.49273791270742384,indiv_welzel + flex,yr_sch_f + globaliz + uneven_eco_dev + gdppc_ln + undernourish,obesity_f,Individualism (Beugelsdijk & Welzel)
Full model,Female,undernourish,-0.46496032116932506,0.16117645266878136,-2.884790634552688,0.006280895184065956,-0.7907100831550629,-0.1392105591835872,48,0.5682875852829139,0.49273791270742384,indiv_welzel + flex,yr_sch_f + globaliz + uneven_eco_dev + gdppc_ln + undernourish,obesity_f,Individualism (Beugelsdijk & Welzel)
Full model,Female,(Intercept),0.0020736548122309516,0.09783541452016044,0.02119533936050983,0.9831979043805571,-0.1958171497957302,0.19996445942019211,47,0.6375916983123594,0.572544054419706,self_expr_val + flex,yr_sch_f + globaliz + uneven_eco_dev + gdppc_ln + undernourish,obesity_f,Self-expression values (Inglehart)
Full model,Female,self_expr_val,0.14099169363112413,0.15002386808713838,0.9397950834678646,0.3531072955297908,-0.16246022213752337,0.4444436093997716,47,0.6375916983123594,0.572544054419706,self_expr_val + flex,yr_sch_f + globaliz + uneven_eco_dev + gdppc_ln + undernourish,obesity_f,Self-expression values (Inglehart)
Full model,Female,flex,-0.5678695982803448,0.12509146262542306,-4.539635130662653,5.2883742794043845e-5,-0.8208909639069057,-0.31484823265378376,47,0.6375916983123594,0.572544054419706,self_expr_val + flex,yr_sch_f + globaliz + uneven_eco_dev + gdppc_ln + undernourish,obesity_f,Self-expression values (Inglehart)
Full model,Female,yr_sch_f,0.48889872589644556,0.20023345649252186,2.4416435417959463,0.019259052082165593,0.08388833156144587,0.8939091202314453,47,0.6375916983123594,0.572544054419706,self_expr_val + flex,yr_sch_f + globaliz + uneven_eco_dev + gdppc_ln + undernourish,obesity_f,Self-expression values (Inglehart)
Full model,Female,globaliz,0.196556497950651,0.24565904343448336,0.8001191212122916,0.42848882553308687,-0.3003358186291946,0.6934488145304967,47,0.6375916983123594,0.572544054419706,self_expr_val + flex,yr_sch_f + globaliz + uneven_eco_dev + gdppc_ln + undernourish,obesity_f,Self-expression values (Inglehart)
Full model,Female,uneven_eco_dev,0.6145465563853465,0.2539555829201571,2.419897799917863,0.02028531362629807,0.10087290472010213,1.1282202080505908,47,0.6375916983123594,0.572544054419706,self_expr_val + flex,yr_sch_f + globaliz + uneven_eco_dev + gdppc_ln + undernourish,obesity_f,Self-expression values (Inglehart)
Full model,Female,gdppc_ln,0.04065699856473213,0.28463473792575805,0.14283920107930323,0.887152614941887,-0.5350711013647416,0.6163850984942059,47,0.6375916983123594,0.572544054419706,self_expr_val + flex,yr_sch_f + globaliz + uneven_eco_dev + gdppc_ln + undernourish,obesity_f,Self-expression values (Inglehart)
Full model,Female,undernourish,-0.45849542562166373,0.1712519573822538,-2.677314949447555,0.01080160419072597,-0.8048852048572708,-0.11210564638605675,47,0.6375916983123594,0.572544054419706,self_expr_val + flex,yr_sch_f + globaliz + uneven_eco_dev + gdppc_ln + undernourish,obesity_f,Self-expression values (Inglehart)
Full model,Female,(Intercept),0.004634715460961396,0.10484461675143611,0.04420556443016338,0.964955146109019,-0.20710328359878796,0.21637271452071075,49,0.564740054550145,0.4904273809367551,emancip_val + flex,yr_sch_f + globaliz + uneven_eco_dev + gdppc_ln + undernourish,obesity_f,Emancipative values (Welzel)
Full model,Female,emancip_val,0.0034802547622348958,0.18224113551538856,0.01909697693878241,0.9848563776796011,-0.3645631849108511,0.3715236944353209,49,0.564740054550145,0.4904273809367551,emancip_val + flex,yr_sch_f + globaliz + uneven_eco_dev + gdppc_ln + undernourish,obesity_f,Emancipative values (Welzel)
Full model,Female,flex,-0.6994499629015289,0.1306065220269297,-5.355398429163512,3.552508632231515e-6,-0.9632151851417674,-0.4356847406612904,49,0.564740054550145,0.4904273809367551,emancip_val + flex,yr_sch_f + globaliz + uneven_eco_dev + gdppc_ln + undernourish,obesity_f,Emancipative values (Welzel)
Full model,Female,yr_sch_f,0.29861878602973363,0.1983720404745523,1.5053471513191459,0.1399006825144284,-0.10200167709867952,0.6992392491581467,49,0.564740054550145,0.4904273809367551,emancip_val + flex,yr_sch_f + globaliz + uneven_eco_dev + gdppc_ln + undernourish,obesity_f,Emancipative values (Welzel)
Full model,Female,globaliz,0.005489732722895822,0.23295625976943396,0.023565508513612075,0.9813135059269409,-0.46497497820225997,0.4759544436480516,49,0.564740054550145,0.4904273809367551,emancip_val + flex,yr_sch_f + globaliz + uneven_eco_dev + gdppc_ln + undernourish,obesity_f,Emancipative values (Welzel)
Full model,Female,uneven_eco_dev,0.285849463319056,0.22994816084835096,1.2431039337930234,0.22089154968000171,-0.1785402685918322,0.7502391952299441,49,0.564740054550145,0.4904273809367551,emancip_val + flex,yr_sch_f + globaliz + uneven_eco_dev + gdppc_ln + undernourish,obesity_f,Emancipative values (Welzel)
Full model,Female,gdppc_ln,0.1317254255026109,0.2552221194899337,0.5161207256089978,0.6085425808273791,-0.38370610137019445,0.6471569523754163,49,0.564740054550145,0.4904273809367551,emancip_val + flex,yr_sch_f + globaliz + uneven_eco_dev + gdppc_ln + undernourish,obesity_f,Emancipative values (Welzel)
Full model,Female,undernourish,-0.46592945375373546,0.1613381434587927,-2.887906379514887,0.006166116058891228,-0.7917584445637155,-0.14010046294375544,49,0.564740054550145,0.4904273809367551,emancip_val + flex,yr_sch_f + globaliz + uneven_eco_dev + gdppc_ln + undernourish,obesity_f,Emancipative values (Welzel)
Full model,Female,(Intercept),0.004956952359763061,0.11020657326282059,0.04497873595925828,0.9643537781211455,-0.21795688270731015,0.22787078742683628,47,0.5428873297932505,0.46084146590998776,autonomy + flex,yr_sch_f + globaliz + uneven_eco_dev + gdppc_ln + undernourish,obesity_f,Autonomy (Schwartz)
Full model,Female,autonomy,-0.032251231586274645,0.18093942394181764,-0.17824325336995248,0.8594546061326519,-0.39823576147007117,0.3337332982975219,47,0.5428873297932505,0.46084146590998776,autonomy + flex,yr_sch_f + globaliz + uneven_eco_dev + gdppc_ln + undernourish,obesity_f,Autonomy (Schwartz)
Full model,Female,flex,-0.7225148637920075,0.13613997444724962,-5.3071470501264235,4.7321862495594e-6,-0.9978839539604958,-0.4471457736235191,47,0.5428873297932505,0.46084146590998776,autonomy + flex,yr_sch_f + globaliz + uneven_eco_dev + gdppc_ln + undernourish,obesity_f,Autonomy (Schwartz)
Full model,Female,yr_sch_f,0.3157038684886978,0.19900856296497943,1.5863833384106887,0.12072826627860188,-0.08682894483012998,0.7182366818075256,47,0.5428873297932505,0.46084146590998776,autonomy + flex,yr_sch_f + globaliz + uneven_eco_dev + gdppc_ln + undernourish,obesity_f,Autonomy (Schwartz)
Full model,Female,globaliz,0.038318051310401495,0.26283360319829857,0.14578825098513715,0.884839478428761,-0.4933130913593418,0.5699491939801448,47,0.5428873297932505,0.46084146590998776,autonomy + flex,yr_sch_f + globaliz + uneven_eco_dev + gdppc_ln + undernourish,obesity_f,Autonomy (Schwartz)
Full model,Female,uneven_eco_dev,0.23318622741237424,0.2506625785326849,0.9302793770709102,0.3579493447804626,-0.2738266941786889,0.7401991490034374,47,0.5428873297932505,0.46084146590998776,autonomy + flex,yr_sch_f + globaliz + uneven_eco_dev + gdppc_ln + undernourish,obesity_f,Autonomy (Schwartz)
Full model,Female,gdppc_ln,0.031610337555733864,0.26796651302290336,0.11796376046820484,0.9067018422327142,-0.5104030952096051,0.5736237703210728,47,0.5428873297932505,0.46084146590998776,autonomy + flex,yr_sch_f + globaliz + uneven_eco_dev + gdppc_ln + undernourish,obesity_f,Autonomy (Schwartz)
Full model,Female,undernourish,-0.4703878766696705,0.16693094945181194,-2.817858990285427,0.007552284658116733,-0.808037592398966,-0.13273816094037505,47,0.5428873297932505,0.46084146590998776,autonomy + flex,yr_sch_f + globaliz + uneven_eco_dev + gdppc_ln + undernourish,obesity_f,Autonomy (Schwartz)
Full model,Female,(Intercept),-3.49449143159304e-4,0.08875663672433384,-0.00393716071334075,0.9968803454571522,-0.18035625163098193,0.17965735334466335,44,0.726200285029094,0.6729614515625288,indiv_hofstd + flex,yr_sch_f + globaliz + uneven_eco_dev + gdppc_ln + undernourish,obesity_f,Individualism (Hofstede)
Full model,Female,indiv_hofstd,0.495260118333617,0.13402567428632461,3.6952630230799826,7.259881075671243e-4,0.2234434523361622,0.7670767843310717,44,0.726200285029094,0.6729614515625288,indiv_hofstd + flex,yr_sch_f + globaliz + uneven_eco_dev + gdppc_ln + undernourish,obesity_f,Individualism (Hofstede)
Full model,Female,flex,-0.6859899943954206,0.10370624475591197,-6.614741436352264,1.0568057573631788e-7,-0.896316007249096,-0.4756639815417453,44,0.726200285029094,0.6729614515625288,indiv_hofstd + flex,yr_sch_f + globaliz + uneven_eco_dev + gdppc_ln + undernourish,obesity_f,Individualism (Hofstede)
Full model,Female,yr_sch_f,0.06115004338443832,0.16860071455062126,0.3626914841222599,0.7189561459279639,-0.280788054356694,0.4030881411255706,44,0.726200285029094,0.6729614515625288,indiv_hofstd + flex,yr_sch_f + globaliz + uneven_eco_dev + gdppc_ln + undernourish,obesity_f,Individualism (Hofstede)
Full model,Female,globaliz,-0.22943466461138515,0.21324173164761356,-1.0759369793082094,0.28911349215471027,-0.6619089413245933,0.20303961210182306,44,0.726200285029094,0.6729614515625288,indiv_hofstd + flex,yr_sch_f + globaliz + uneven_eco_dev + gdppc_ln + undernourish,obesity_f,Individualism (Hofstede)
Full model,Female,uneven_eco_dev,0.3277617448087666,0.18491287648502197,1.7725198538854348,0.08477118912553418,-0.047258950694545554,0.7027824403120787,44,0.726200285029094,0.6729614515625288,indiv_hofstd + flex,yr_sch_f + globaliz + uneven_eco_dev + gdppc_ln + undernourish,obesity_f,Individualism (Hofstede)
Full model,Female,gdppc_ln,0.35678830550746937,0.22637040056487515,1.5761261393590102,0.12374495513699209,-0.10231214587769555,0.8158887568926343,44,0.726200285029094,0.6729614515625288,indiv_hofstd + flex,yr_sch_f + globaliz + uneven_eco_dev + gdppc_ln + undernourish,obesity_f,Individualism (Hofstede)
Full model,Female,undernourish,-0.39357797713274845,0.1422250570547891,-2.767289992937961,0.008869383955843274,-0.6820237621346685,-0.10513219213082836,44,0.726200285029094,0.6729614515625288,indiv_hofstd + flex,yr_sch_f + globaliz + uneven_eco_dev + gdppc_ln + undernourish,obesity_f,Individualism (Hofstede)
Unadjusted model,Male,(Intercept),-4.465629166326373e-4,0.09176792537157402,-0.0048662200308493015,0.9961375020053493,-0.18495834330378597,0.18406521747052068,51,0.6038244461666915,0.587317131423637,indiv + flex,none,obesity_m,Individualism (Minkov-Hofstede)
Unadjusted model,Male,indiv,0.9452199987518204,0.11081531772087451,8.529687214656313,3.528061093858444e-11,0.7224108692650576,1.168029128238583,51,0.6038244461666915,0.587317131423637,indiv + flex,none,obesity_m,Individualism (Minkov-Hofstede)
Unadjusted model,Male,flex,-0.578357801356329,0.10989652959646214,-5.262748546110121,3.2762724949435416e-6,-0.7993195835052558,-0.3573960192074021,51,0.6038244461666915,0.587317131423637,indiv + flex,none,obesity_m,Individualism (Minkov-Hofstede)
Unadjusted model,Male,(Intercept),-0.00830252956694143,0.11252499396086169,-0.07378387036242995,0.9415093700885684,-0.23493950123730978,0.2183344421034269,48,0.44505632585958893,0.42039216256445955,indiv_welzel + flex,none,obesity_m,Individualism (Beugelsdijk & Welzel)
Unadjusted model,Male,indiv_welzel,0.7682042976670963,0.13116402662341034,5.856821549651832,5.09146112531741e-7,0.5040263871456279,1.0323822081885647,48,0.44505632585958893,0.42039216256445955,indiv_welzel + flex,none,obesity_m,Individualism (Beugelsdijk & Welzel)
Unadjusted model,Male,flex,-0.5105434643105455,0.12794772565135434,-3.9902504066522373,2.4045134947447768e-4,-0.7682434121445352,-0.25284351647655595,48,0.44505632585958893,0.42039216256445955,indiv_welzel + flex,none,obesity_m,Individualism (Beugelsdijk & Welzel)
Unadjusted model,Male,(Intercept),-0.015746809508268105,0.1277649795327493,-0.12324824506571312,0.90247179551273915,-0.27324020640804214,0.24174658739150592,47,0.2966172897251299,0.26464534834899944,self_expr_val + flex,none,obesity_m,Self-expression values (Inglehart)
Unadjusted model,Male,self_expr_val,0.5782628918899607,0.13654444307156338,4.234979314294696,1.14671689970271e-4,0.30307564885304944,0.8534501349268719,47,0.2966172897251299,0.26464534834899944,self_expr_val + flex,none,obesity_m,Self-expression values (Inglehart)
Unadjusted model,Male,flex,-0.261326973472238,0.13267525158350457,-1.969673849141045,0.0551912261702661,-0.5287163734448017,0.006062426500325735,47,0.2966172897251299,0.26464534834899944,self_expr_val + flex,none,obesity_m,Self-expression values (Inglehart)
Unadjusted model,Male,(Intercept),-0.010052810521282908,0.11182441972464735,-0.08989816845047448,0.9287584324304952,-0.2351436928367445,0.2150380717941787,49,0.4406117605498468,0.41629053274766614,emancip_val + flex,none,obesity_m,Emancipative values (Welzel)
Unadjusted model,Male,emancip_val,0.7080900616592768,0.12061200333001022,5.870809223870113,4.521088824572969e-7,0.4653106909794438,0.9508694323391098,49,0.4406117605498468,0.41629053274766614,emancip_val + flex,none,obesity_m,Emancipative values (Welzel)
Unadjusted model,Male,flex,-0.3881450301382599,0.1186215375237583,-3.2721294820556484,0.0020286591524298443,-0.6269178009568889,-0.14937225931963097,49,0.4406117605498468,0.41629053274766614,emancip_val + flex,none,obesity_m,Emancipative values (Welzel)
Unadjusted model,Male,(Intercept),-0.011386144928691637,0.11454786604900091,-0.09940075988688352,0.9212715849287327,-0.24224219988557577,0.2194699100281925,47,0.43979124889192167,0.4143272147506454,autonomy + flex,none,obesity_m,Autonomy (Schwartz)
Unadjusted model,Male,autonomy,0.7324579935196857,0.12802501263863714,5.721210085619116,8.655329952591442e-7,0.47444053433002337,0.990475452709348,47,0.43979124889192167,0.4143272147506454,autonomy + flex,none,obesity_m,Autonomy (Schwartz)
Unadjusted model,Male,flex,-0.4692279729690244,0.12671594810469491,-3.7029906652423903,5.908991255365853e-4,-0.7246071859441252,-0.21384875999392355,47,0.43979124889192167,0.4143272147506454,autonomy + flex,none,obesity_m,Autonomy (Schwartz)
Unadjusted model,Male,(Intercept),-0.016011733228493853,0.09196776634151904,-0.17410157781841573,0.8626424565287878,-0.20174440531517088,0.16972093885818315,44,0.6627027460340028,0.6462492214502956,indiv_hofstd + flex,none,obesity_m,Individualism (Hofstede)
Unadjusted model,Male,indiv_hofstd,0.8375620703630681,0.09822432159153004,8.527033394499838,1.2666230620036272e-10,0.6391940286151637,1.0359301121109725,44,0.6627027460340028,0.6462492214502956,indiv_hofstd + flex,none,obesity_m,Individualism (Hofstede)
Unadjusted model,Male,flex,-0.5306489207690758,0.09726669301173085,-5.455607714606652,2.564107960410703e-6,-0.7270829923656101,-0.33421484917254146,44,0.6627027460340028,0.6462492214502956,indiv_hofstd + flex,none,obesity_m,Individualism (Hofstede)
Undernour. adjusted,Male,(Intercept),0.0010815221761867897,0.0781467321483085,0.01383963406344688,0.989016503724794,-0.15612942490215373,0.1582924692545273,51,0.7186962907744284,0.7007407348664132,indiv + flex,undernourish,obesity_m,Individualism (Minkov-Hofstede)
Undernour. adjusted,Male,indiv,0.6441845550209705,0.11673321987424373,5.518433876106117,1.4301963115818762e-6,0.40934760730182973,0.8790215027401113,51,0.7186962907744284,0.7007407348664132,indiv + flex,undernourish,obesity_m,Individualism (Minkov-Hofstede)
Undernour. adjusted,Male,flex,-0.6386914251475774,0.09459146750228535,-6.752103990057522,1.943802541674989e-8,-0.8289849125750772,-0.44839793772007747,51,0.7186962907744284,0.7007407348664132,indiv + flex,undernourish,obesity_m,Individualism (Minkov-Hofstede)
Undernour. adjusted,Male,undernourish,-0.4749913066824701,0.10842206238981603,-4.380946978989449,6.578260854224184e-5,-0.6931083621741992,-0.2568742511907409,51,0.7186962907744284,0.7007407348664132,indiv + flex,undernourish,obesity_m,Individualism (Minkov-Hofstede)
Undernour. adjusted,Male,(Intercept),-1.412759085068941e-4,0.09039306253458465,-0.0015629065389043714,0.9987600461572597,-0.1823165230953762,0.18203397127836238,48,0.649955066547629,0.6260883665395128,indiv_welzel + flex,undernourish,obesity_m,Individualism (Beugelsdijk & Welzel)
Undernour. adjusted,Male,indiv_welzel,0.49297727218286197,0.11848892954956845,4.160534440279762,1.4493948538493525e-4,0.2541785256381102,0.7317760187276137,48,0.649955066547629,0.6260883665395128,indiv_welzel + flex,undernourish,obesity_m,Individualism (Beugelsdijk & Welzel)
Undernour. adjusted,Male,flex,-0.6194914492713359,0.10498445354202184,-5.900792244666719,4.720132699744293e-7,-0.8310737127606245,-0.40790918578204743,48,0.649955066547629,0.6260883665395128,indiv_welzel + flex,undernourish,obesity_m,Individualism (Beugelsdijk & Welzel)
Undernour. adjusted,Male,undernourish,-0.5555332532625171,0.10946517491150809,-5.0749770756919865,7.523985835930897e-6,-0.7761458173099856,-0.33492068921504875,48,0.649955066547629,0.6260883665395128,indiv_welzel + flex,undernourish,obesity_m,Individualism (Beugelsdijk & Welzel)
Undernour. adjusted,Male,(Intercept),0.0013664193519805849,0.08726899696781126,0.01565755766030612,0.9875800118016653,-0.174628286067441,0.17736112477140217,47,0.6795364645308579,0.6571785434516155,self_expr_val + flex,undernourish,obesity_m,Self-expression values (Inglehart)
Undernour. adjusted,Male,self_expr_val,0.3841326819311834,0.09708486812209555,3.9566689367913828,2.7992230356356886e-4,0.18834238572629128,0.5799229781360755,47,0.6795364645308579,0.6571785434516155,self_expr_val + flex,undernourish,obesity_m,Self-expression values (Inglehart)
Undernour. adjusted,Male,flex,-0.4537925445583543,0.09448452103709698,-4.802824204190907,1.92564842826896e-5,-0.644338741081645,-0.26324634803506364,47,0.6795364645308579,0.6571785434516155,self_expr_val + flex,undernourish,obesity_m,Self-expression values (Inglehart)
Undernour. adjusted,Male,undernourish,-0.678080944454112,0.09459824182565572,-7.168007897058099,7.355211359551916e-9,-0.8688564808045791,-0.4873054081036449,47,0.6795364645308579,0.6571785434516155,self_expr_val + flex,undernourish,obesity_m,Self-expression values (Inglehart)
Undernour. adjusted,Male,(Intercept),-0.0011152149919742838,0.0892333741691329,-0.012497734198199271,0.9900837551914861,-0.18084045630729748,0.1786100263233489,49,0.651671090262948,0.6284491629471445,emancip_val + flex,undernourish,obesity_m,Emancipative values (Welzel)
Undernour. adjusted,Male,emancip_val,0.45322045822959994,0.10789896582080276,4.200415219755699,1.2432274844011973e-4,0.23590078551318247,0.6705401309460174,49,0.651671090262948,0.6284491629471445,emancip_val + flex,undernourish,obesity_m,Emancipative values (Welzel)
Undernour. adjusted,Male,flex,-0.5421953302863745,0.09913157487912465,-5.4694513927322985,1.9001538096156728e-6,-0.7418565711955148,-0.34253408937723406,49,0.651671090262948,0.6284491629471445,emancip_val + flex,undernourish,obesity_m,Emancipative values (Welzel)
Undernour. adjusted,Male,undernourish,-0.5618235550852504,0.10759353327452706,-5.221722328346131,4.381741502538297e-6,-0.7785280550751394,-0.34511905509536134,49,0.651671090262948,0.6284491629471445,emancip_val + flex,undernourish,obesity_m,Emancipative values (Welzel)
Undernour. adjusted,Male,(Intercept),-0.003389697537953017,0.09578669052910074,-0.03538798051409032,0.9719341399016302,-0.19656196911784019,0.18978257404193416,47,0.6173072559669447,0.5906077621971967,autonomy + flex,undernourish,obesity_m,Autonomy (Schwartz)
Undernour. adjusted,Male,autonomy,0.4667441435483678,0.12246157549975761,3.8113517782505713,4.354131122905371e-4,0.21977683953285737,0.7137114475638782,47,0.6173072559669447,0.5906077621971967,autonomy + flex,undernourish,obesity_m,Autonomy (Schwartz)
Undernour. adjusted,Male,flex,-0.5842626080779624,0.1090294717752135,-5.358758494974084,3.1028559470959667e-6,-0.8041414932929656,-0.3643837228629591,47,0.6173072559669447,0.5906077621971967,autonomy + flex,undernourish,obesity_m,Autonomy (Schwartz)
Undernour. adjusted,Male,undernourish,-0.5275303859072983,0.11811895770972877,-4.4660941489483585,5.6905909646946626e-5,-0.7657399665014295,-0.28932080531316706,47,0.6173072559669447,0.5906077621971967,autonomy + flex,undernourish,obesity_m,Autonomy (Schwartz)
Undernour. adjusted,Male,(Intercept),-0.004429425063867241,0.0665328612980432,-0.0665749973389092,0.9472517038476701,-0.13889735368000303,0.13003850355226856,44,0.8279133422230971,0.8150068428898294,indiv_hofstd + flex,undernourish,obesity_m,Individualism (Hofstede)
Undernour. adjusted,Male,indiv_hofstd,0.6456458545520514,0.07748888865540147,8.332108844963358,2.8194670516687154e-10,0.4890349686684365,0.8022567404356662,44,0.8279133422230971,0.8150068428898294,indiv_hofstd + flex,undernourish,obesity_m,Individualism (Hofstede)
Undernour. adjusted,Male,flex,-0.6359920760940381,0.07236355956914049,-8.788844549394685,6.966353654098633e-11,-0.78224428549419,-0.4897398666938862,44,0.8279133422230971,0.8150068428898294,indiv_hofstd + flex,undernourish,obesity_m,Individualism (Hofstede)
Undernour. adjusted,Male,undernourish,-0.46799739788346245,0.0755210628559604,-6.196912227997416,2.498453325233083e-7,-0.6206311594714172,-0.3153636362955077,44,0.8279133422230971,0.8150068428898294,indiv_hofstd + flex,undernourish,obesity_m,Individualism (Hofstede)
Full model,Male,(Intercept),0.003948285308723018,0.07546391299547155,0.052320177313889715,0.9585158856890408,-0.14823919935245164,0.15613576996989767,51,0.7602783202949627,0.7212538608080961,indiv + flex,yr_sch_m + globaliz + uneven_eco_dev + gdppc_ln + undernourish,obesity_m,Individualism (Minkov-Hofstede)
Full model,Male,indiv,0.507617685496609,0.15883714143866898,3.195837452744722,0.002613078039714689,0.1872920614095988,0.8279433095836193,51,0.7602783202949627,0.7212538608080961,indiv + flex,yr_sch_m + globaliz + uneven_eco_dev + gdppc_ln + undernourish,obesity_m,Individualism (Minkov-Hofstede)
Full model,Male,flex,-0.667269926065113,0.0975244725481019,-6.84207674884882,2.179557148621583e-8,-0.8639467690866782,-0.4705930830435479,51,0.7602783202949627,0.7212538608080961,indiv + flex,yr_sch_m + globaliz + uneven_eco_dev + gdppc_ln + undernourish,obesity_m,Individualism (Minkov-Hofstede)
Full model,Male,yr_sch_m,0.3256417520448189,0.1517302216423123,2.14618912778289,0.037543423463809913,0.019648597671658885,0.6316349064179789,51,0.7602783202949627,0.7212538608080961,indiv + flex,yr_sch_m + globaliz + uneven_eco_dev + gdppc_ln + undernourish,obesity_m,Individualism (Minkov-Hofstede)
Full model,Male,globaliz,-0.122411551479807,0.18713329336077314,-0.6541409563279075,0.5165044650439125,-0.49980180441629013,0.25497870145667617,51,0.7602783202949627,0.7212538608080961,indiv + flex,yr_sch_m + globaliz + uneven_eco_dev + gdppc_ln + undernourish,obesity_m,Individualism (Minkov-Hofstede)
Full model,Male,uneven_eco_dev,0.031071283538174285,0.1731489181535986,0.1794483261547801,0.858428622972936,-0.31811678900692486,0.38025935608327344,51,0.7602783202949627,0.7212538608080961,indiv + flex,yr_sch_m + globaliz + uneven_eco_dev + gdppc_ln + undernourish,obesity_m,Individualism (Minkov-Hofstede)
Full model,Male,gdppc_ln,0.11486614365212242,0.20576885847249676,0.5582289978416511,0.5795832454426856,-0.3001063080733759,0.5298385953776207,51,0.7602783202949627,0.7212538608080961,indiv + flex,yr_sch_m + globaliz + uneven_eco_dev + gdppc_ln + undernourish,obesity_m,Individualism (Minkov-Hofstede)
Full model,Male,undernourish,-0.385467926355024,0.12684433632707112,-3.0389053032772853,0.0040292384518095465,-0.6412739099420588,-0.12966194276798926,51,0.7602783202949627,0.7212538608080961,indiv + flex,yr_sch_m + globaliz + uneven_eco_dev + gdppc_ln + undernourish,obesity_m,Individualism (Minkov-Hofstede)
Full model,Male,(Intercept),0.004962836133311952,0.0884296513132282,0.05612185573064179,0.9555241350704873,-0.17376015590921842,0.1836858281758423,48,0.6959893601006863,0.6427874981183064,indiv_welzel + flex,yr_sch_m + globaliz + uneven_eco_dev + gdppc_ln + undernourish,obesity_m,Individualism (Beugelsdijk & Welzel)
Full model,Male,indiv_welzel,0.31130300580830733,0.16655038408060527,1.8691221129676066,0.06894001747110716,-0.02530787670306167,0.6479138883196763,48,0.6959893601006863,0.6427874981183064,indiv_welzel + flex,yr_sch_m + globaliz + uneven_eco_dev + gdppc_ln + undernourish,obesity_m,Individualism (Beugelsdijk & Welzel)
Full model,Male,flex,-0.6718909287927954,0.1109347260358037,-6.056633056234759,3.9346043790131466e-7,-0.8960983735141269,-0.44768348407146397,48,0.6959893601006863,0.6427874981183064,indiv_welzel + flex,yr_sch_m + globaliz + uneven_eco_dev + gdppc_ln + undernourish,obesity_m,Individualism (Beugelsdijk & Welzel)
Full model,Male,yr_sch_m,0.27690832963427453,0.16620659435072097,1.6660489959258549,0.10351724480353201,-0.05900772791458525,0.6128243871831343,48,0.6959893601006863,0.6427874981183064,indiv_welzel + flex,yr_sch_m + globaliz + uneven_eco_dev + gdppc_ln + undernourish,obesity_m,Individualism (Beugelsdijk & Welzel)
Full model,Male,globaliz,-0.08626184475788272,0.2077927547968244,-0.4151340350736859,0.680262156840272,-0.5062266677616903,0.3337029782459249,48,0.6959893601006863,0.6427874981183064,indiv_welzel + flex,yr_sch_m + globaliz + uneven_eco_dev + gdppc_ln + undernourish,obesity_m,Individualism (Beugelsdijk & Welzel)
Full model,Male,uneven_eco_dev,-0.04379845637953857,0.2087531272318057,-0.2098098215836712,0.8348811125406723,-0.4657042644772154,0.3781073517181383,48,0.6959893601006863,0.6427874981183064,indiv_welzel + flex,yr_sch_m + globaliz + uneven_eco_dev + gdppc_ln + undernourish,obesity_m,Individualism (Beugelsdijk & Welzel)
Full model,Male,gdppc_ln,0.1426195977208752,0.21226235579611596,0.6719024538569872,0.5055082936684021,-0.28637862586708895,0.5716178213088393,48,0.6959893601006863,0.6427874981183064,indiv_welzel + flex,yr_sch_m + globaliz + uneven_eco_dev + gdppc_ln + undernourish,obesity_m,Individualism (Beugelsdijk & Welzel)
Full model,Male,undernourish,-0.43312883125674545,0.13444286294598934,-3.2216573030786266,0.002534588222601676,-0.7048479929592038,-0.1614096695542872,48,0.6959893601006863,0.6427874981183064,indiv_welzel + flex,yr_sch_m + globaliz + uneven_eco_dev + gdppc_ln + undernourish,obesity_m,Individualism (Beugelsdijk & Welzel)
Full model,Male,(Intercept),0.003389646780412792,0.08298441674731655,0.04084678682184511,0.9676264386357394,-0.1644621794789309,0.17124147303975648,47,0.7376070764362291,0.6905109106683729,self_expr_val + flex,yr_sch_m + globaliz + uneven_eco_dev + gdppc_ln + undernourish,obesity_m,Self-expression values (Inglehart)
Full model,Male,self_expr_val,0.3076025677297652,0.12755827294557562,2.4114670152441446,0.02069634708917787,0.04959160726717865,0.5656135281923518,47,0.7376070764362291,0.6905109106683729,self_expr_val + flex,yr_sch_m + globaliz + uneven_eco_dev + gdppc_ln + undernourish,obesity_m,Self-expression values (Inglehart)
Full model,Male,flex,-0.49992544735105715,0.10697316310783228,-4.673372580813719,3.490057640194549e-5,-0.7162990930568809,-0.2835518016452334,47,0.7376070764362291,0.6905109106683729,self_expr_val + flex,yr_sch_m + globaliz + uneven_eco_dev + gdppc_ln + undernourish,obesity_m,Self-expression values (Inglehart)
Full model,Male,yr_sch_m,0.35253129021707114,0.16689376155122035,2.1123095731105437,0.04111582621080726,0.014956794116637528,0.6901057863175047,47,0.7376070764362291,0.6905109106683729,self_expr_val + flex,yr_sch_m + globaliz + uneven_eco_dev + gdppc_ln + undernourish,obesity_m,Self-expression values (Inglehart)
Full model,Male,globaliz,0.15966200617562756,0.21628743346144183,0.7381936325213779,0.46481590643034576,-0.27782062160488585,0.5971446339561409,47,0.7376070764362291,0.6905109106683729,self_expr_val + flex,yr_sch_m + globaliz + uneven_eco_dev + gdppc_ln + undernourish,obesity_m,Self-expression values (Inglehart)
Full model,Male,uneven_eco_dev,0.09068726970690719,0.2094423829768875,0.43299387840194103,0.6674045295927722,-0.3329499366113049,0.5143244760251193,47,0.7376070764362291,0.6905109106683729,self_expr_val + flex,yr_sch_m + globaliz + uneven_eco_dev + gdppc_ln + undernourish,obesity_m,Self-expression values (Inglehart)
Full model,Male,gdppc_ln,-0.14059492369274956,0.24474680305384736,-0.5744505012464531,0.5689619135259638,-0.6356420599377919,0.35445221255229276,47,0.7376070764362291,0.6905109106683729,self_expr_val + flex,yr_sch_m + globaliz + uneven_eco_dev + gdppc_ln + undernourish,obesity_m,Self-expression values (Inglehart)
Full model,Male,undernourish,-0.5546707539850371,0.14155125085548761,-3.9185153831760275,3.491242296634753e-4,-0.8409851838102775,-0.26835632415979654,47,0.7376070764362291,0.6905109106683729,self_expr_val + flex,yr_sch_m + globaliz + uneven_eco_dev + gdppc_ln + undernourish,obesity_m,Self-expression values (Inglehart)
Full model,Male,(Intercept),0.004022471531125379,0.08803676037570947,0.04569081726722912,0.9637785073878937,-0.17377137295254977,0.1818163160148005,49,0.6915404402174256,0.6388766129374739,emancip_val + flex,yr_sch_m + globaliz + uneven_eco_dev + gdppc_ln + undernourish,obesity_m,Emancipative values (Welzel)
Full model,Male,emancip_val,0.24503804564390702,0.14962980048160676,1.6376286331680854,0.10915265061883934,-0.05714546682766647,0.5472215581154805,49,0.6915404402174256,0.6388766129374739,emancip_val + flex,yr_sch_m + globaliz + uneven_eco_dev + gdppc_ln + undernourish,obesity_m,Emancipative values (Welzel)
Full model,Male,flex,-0.6239493431250698,0.11134805553124281,-5.603594424242081,1.582523415424073e-6,-0.8488213032493961,-0.39907738300074347,49,0.6915404402174256,0.6388766129374739,emancip_val + flex,yr_sch_m + globaliz + uneven_eco_dev + gdppc_ln + undernourish,obesity_m,Emancipative values (Welzel)
Full model,Male,yr_sch_m,0.28595927082047523,0.1642550711298343,1.7409463759839758,0.0891934546908803,-0.045760574928987496,0.617679116569938,49,0.6915404402174256,0.6388766129374739,emancip_val + flex,yr_sch_m + globaliz + uneven_eco_dev + gdppc_ln + undernourish,obesity_m,Emancipative values (Welzel)
Full model,Male,globaliz,0.005301602759730145,0.197095290750674,0.026898677992447242,0.9786710499670773,-0.3927404119923111,0.40334361751177134,49,0.6915404402174256,0.6388766129374739,emancip_val + flex,yr_sch_m + globaliz + uneven_eco_dev + gdppc_ln + undernourish,obesity_m,Emancipative values (Welzel)
Full model,Male,uneven_eco_dev,-0.04413548299868638,0.1892260109618486,-0.23324215721899297,0.8167339580642617,-0.42628516480932843,0.3380141988119557,49,0.6915404402174256,0.6388766129374739,emancip_val + flex,yr_sch_m + globaliz + uneven_eco_dev + gdppc_ln + undernourish,obesity_m,Emancipative values (Welzel)
Full model,Male,gdppc_ln,0.06734197636753639,0.21444830984446736,0.31402428126562254,0.7550948840793728,-0.36574517140527196,0.5004291241403448,49,0.6915404402174256,0.6388766129374739,emancip_val + flex,yr_sch_m + globaliz + uneven_eco_dev + gdppc_ln + undernourish,obesity_m,Emancipative values (Welzel)
Full model,Male,undernourish,-0.44901632491849314,0.1345540024538058,-3.337071486020243,0.0018082477626416246,-0.7207536456108233,-0.17727900422616294,49,0.6915404402174256,0.6388766129374739,emancip_val + flex,yr_sch_m + globaliz + uneven_eco_dev + gdppc_ln + undernourish,obesity_m,Emancipative values (Welzel)
Full model,Male,(Intercept),0.003899949735395513,0.09258526380045937,0.04212279120142404,0.9666157316193167,-0.18337142268300183,0.19117132215379284,47,0.6763091840762048,0.618210832500139,autonomy + flex,yr_sch_m + globaliz + uneven_eco_dev + gdppc_ln + undernourish,obesity_m,Autonomy (Schwartz)
Full model,Male,autonomy,0.2797601887648178,0.15091732114317286,1.8537314779091112,0.0713526820043302,-0.025498906387749765,0.5850192839173853,47,0.6763091840762048,0.618210832500139,autonomy + flex,yr_sch_m + globaliz + uneven_eco_dev + gdppc_ln + undernourish,obesity_m,Autonomy (Schwartz)
Full model,Male,flex,-0.6750670236514441,0.11517835989003847,-5.861057791549863,8.077148432988255e-7,-0.9080372463857511,-0.4420968009171371,47,0.6763091840762048,0.618210832500139,autonomy + flex,yr_sch_m + globaliz + uneven_eco_dev + gdppc_ln + undernourish,obesity_m,Autonomy (Schwartz)
Full model,Male,yr_sch_m,0.3299174898386675,0.1680289217801908,1.96345656654426,0.05675168032540531,-0.009953084549691515,0.6697880642270264,47,0.6763091840762048,0.618210832500139,autonomy + flex,yr_sch_m + globaliz + uneven_eco_dev + gdppc_ln + undernourish,obesity_m,Autonomy (Schwartz)
Full model,Male,globaliz,-0.014582114527310232,0.2267514140551673,-0.06430881407320568,0.9490528373017791,-0.473230140842193,0.44406591178757254,47,0.6763091840762048,0.618210832500139,autonomy + flex,yr_sch_m + globaliz + uneven_eco_dev + gdppc_ln + undernourish,obesity_m,Autonomy (Schwartz)
Full model,Male,uneven_eco_dev,-0.09094481568104525,0.20670859104216052,-0.43996630823387517,0.6623902029300968,-0.5090524058756154,0.3271627745135249,47,0.6763091840762048,0.618210832500139,autonomy + flex,yr_sch_m + globaliz + uneven_eco_dev + gdppc_ln + undernourish,obesity_m,Autonomy (Schwartz)
Full model,Male,gdppc_ln,0.005845683477621987,0.2234937250786749,0.026155917691041093,0.9792663576336713,-0.44621304492420577,0.45790441187944975,47,0.6763091840762048,0.618210832500139,autonomy + flex,yr_sch_m + globaliz + uneven_eco_dev + gdppc_ln + undernourish,obesity_m,Autonomy (Schwartz)
Full model,Male,undernourish,-0.42899299947829395,0.14050462237994898,-3.0532305073794803,0.004065548728969059,-0.7131904233894106,-0.14479557556717731,47,0.6763091840762048,0.618210832500139,autonomy + flex,yr_sch_m + globaliz + uneven_eco_dev + gdppc_ln + undernourish,obesity_m,Autonomy (Schwartz)
Full model,Male,(Intercept),-0.0023067971112927686,0.06648564401725565,-0.03469616855473437,0.9725136870963405,-0.13714593289401075,0.1325323386714252,44,0.8457473644788543,0.8157537964608538,indiv_hofstd + flex,yr_sch_m + globaliz + uneven_eco_dev + gdppc_ln + undernourish,obesity_m,Individualism (Hofstede)
Full model,Male,indiv_hofstd,0.5966119253978243,0.09940922066024424,6.001575321034797,6.915939580597285e-7,0.39500068133464106,0.7982231694610075,44,0.8457473644788543,0.8157537964608538,indiv_hofstd + flex,yr_sch_m + globaliz + uneven_eco_dev + gdppc_ln + undernourish,obesity_m,Individualism (Hofstede)
Full model,Male,flex,-0.6427643095721399,0.0781537703707307,-8.224354455621517,8.739618449652361e-10,-0.8012675024150225,-0.4842611167292573,44,0.8457473644788543,0.8157537964608538,indiv_hofstd + flex,yr_sch_m + globaliz + uneven_eco_dev + gdppc_ln + undernourish,obesity_m,Individualism (Hofstede)
Full model,Male,yr_sch_m,0.1433454725920953,0.12753686660902144,1.1239532254743008,0.26847194323196105,-0.11531128148150505,0.40200222666569563,44,0.8457473644788543,0.8157537964608538,indiv_hofstd + flex,yr_sch_m + globaliz + uneven_eco_dev + gdppc_ln + undernourish,obesity_m,Individualism (Hofstede)
Full model,Male,globaliz,-0.13496627531762054,0.15919574005589923,-0.8478007971207592,0.4021505987771036,-0.45783020070663305,0.18789765007139195,44,0.8457473644788543,0.8157537964608538,indiv_hofstd + flex,yr_sch_m + globaliz + uneven_eco_dev + gdppc_ln + undernourish,obesity_m,Individualism (Hofstede)
Full model,Male,uneven_eco_dev,0.03951051473129654,0.13426981391804918,0.29426208004884524,0.7702477437774551,-0.23280128938866043,0.3118223188512535,44,0.8457473644788543,0.8157537964608538,indiv_hofstd + flex,yr_sch_m + globaliz + uneven_eco_dev + gdppc_ln + undernourish,obesity_m,Individualism (Hofstede)
Full model,Male,gdppc_ln,0.16696415785957983,0.16879651288166153,0.9891445919657931,0.3291944093649588,-0.1753710373021373,0.5092993530212969,44,0.8457473644788543,0.8157537964608538,indiv_hofstd + flex,yr_sch_m + globaliz + uneven_eco_dev + gdppc_ln + undernourish,obesity_m,Individualism (Hofstede)
Full model,Male,undernourish,-0.3955377821437976,0.10776598113596807,-3.6703399159401573,7.792951343779721e-4,-0.6140973219954269,-0.17697824229216835,44,0.8457473644788543,0.8157537964608538,indiv_hofstd + flex,yr_sch_m + globaliz + uneven_eco_dev + gdppc_ln + undernourish,obesity_m,Individualism (Hofstede)
